{
  "accuracy": 0.6359119943222143,
  "precision": 0.2391304347826087,
  "recall": 0.7114427860696517,
  "f1_score": 0.3579474342928661
}